{"cameraMode":{"drawMode":0,"name":"Shaded","section":"Shading Mode"},"sceneLighting":true,"audioPlay":false,"sceneViewState":{"showFog":true,"showMaterialUpdate":false,"showSkybox":true,"showFlares":true,"showImageEffects":true,"showParticleSystems":true},"in2DMode":false,"pivot":{"x":8.03021240234375,"y":-4.315731048583984,"z":0.7853260040283203},"rotation":{"x":0.1642461121082306,"y":-0.7966013550758362,"z":0.5258971452713013,"w":0.24876031279563905},"size":30.687036514282228,"orthographic":false}